Pays;Année;Nombre de français
GEORGIE;2012;278
KENYA;2010;1153
SALVADOR;2018;557
SLOVAQUIE;2013;830
CANADA;2009;69868
ESTONIE;2002;66
IRAK;2006;54
ARABIE SAOUDITE;2015;5893
RWANDA;2018;356
ARGENTINE;2007;14283
HONGRIE;2009;2295
SAINT-SIEGE;2015;0
COMORES;2012;2137
PAKISTAN;2012;552
SALVADOR;2007;650
JAMAIQUE;2015;146
LIBAN;2009;18807
CONGO;2006;3771
CROATIE;2013;1006
GRECE;2010;11355
BIRMANIE;2017;813
BENIN;2010;3584
GABON;2007;9647
NIGER;2013;1648
JAPON;2003;6436
MADAGASCAR;2012;18814
ROYAUME-UNI;2005;102470
TCHEQUE (REP.);2003;1859
EGYPTE;2011;6483
MADAGASCAR;2005;19602
SUISSE;2007;132784
TCHEQUE (REP.);2004;2184
ESTONIE;2018;310
VIET-NAM;2010;5672
BENIN;2012;3574
EMIRATS ARABES UNIS;2002;5131
JAPON;2007;7735
POLOGNE;2006;5152
RUSSIE;2017;5264
BIELORUSSIE;2006;69
GEORGIE;2002;101
ISRAEL;2009;57941
PANAMA;2007;668
ALBANIE;2017;185
SAINT-SIEGE;2016;0
MONGOLIE;2015;129
BELGIQUE;2002;76953
GUINEE-BISSAO;2008;125
JAPON;2006;7894
JERUSALEM;2001;8278
SENEGAL;2006;17834
NIGER;2002;1442
OUGANDA;2004;216
SUEDE;2013;6785
BIRMANIE;2013;486
GHANA;2010;931
THAILANDE;2017;12974
BANGLADESH;2011;235
CAMBODGE;2001;1689
COLOMBIE;2009;3890
ISRAEL;2013;51714
SYRIE;2012;1893
GRECE;2014;10541
MACEDOINE;2015;241
GUINEE;2005;2559
LAOS;2001;882
MONGOLIE;2009;89
SURINAME;2006;174
TUNISIE;2011;21552
ARMENIE;2013;554
CENTRAFRIQUE (Rép.);2012;1260
LAOS;2017;2137
QATAR;2005;1046
COREE DU SUD;2008;1715
MOZAMBIQUE;2001;349
SAINTE-LUCIE;2003;580
TRINITE ET TOBAGO;2008;621
JAMAIQUE;2013;194
COTE D'IVOIRE;2002;16120
CROATIE;2001;563
MALAISIE;2011;2592
MOLDAVIE;2012;99
SERBIE;2007;1207
MALI;2009;4331
NICARAGUA;2001;404
RUSSIE;2002;2700
THAILANDE;2008;8230
URUGUAY;2018;2931
ANGOLA;2004;1196
EQUATEUR;2002;1268
ISLANDE;2002;196
OMAN;2018;792
BELGIQUE;2011;109426
OUZBEKISTAN;2006;141
ISLANDE;2017;589
NORVEGE;2004;3476
BOLIVIE;2003;736
PAPOUASIE-NLE-GUINEE;2001;43
SINGAPOUR;2004;3635
SOUDAN;2013;209
CONGO;2011;5083
LESOTHO;2018;0
MOZAMBIQUE;2005;371
EMIRATS ARABES UNIS;2007;8497
AUSTRALIE;2004;13503
RWANDA;2004;267
SOUDAN;2006;341
CHINE;2018;29391
GUATEMALA;2014;824
PHILIPPINES;2008;1743
DJIBOUTI;2012;4875
NORVEGE;2002;2792
TAIWAN;2005;1324
JORDANIE;2018;1569
MAROC;2012;45269
PAPOUASIE-NLE-GUINEE;2004;39
SLOVENIE;2005;515
CENTRAFRIQUE (Rép.);2007;1164
SEYCHELLES;2010;509
TANZANIE;2006;465
BOSNIE-HERZEGOVINE;2014;385
VENEZUELA;2016;4231
ARMENIE;2018;560
SIERRA LEONE;2013;0
EGYPTE;2007;4984
ISRAEL;2002;38157
QATAR;2003;705
VIET-NAM;2012;6304
FINLANDE;2002;1480
MAURICE;2006;7226
MAURITANIE;2016;1713
THAILANDE;2016;12544
ZIMBABWE;2016;256
COSTA RICA;2013;2253
GUATEMALA;2006;754
MONACO;2010;8302
SUISSE;2008;138349
OUGANDA;2016;333
CHINE;2007;18765
ITALIE;2008;46224
MALAISIE;2010;2336
NAMIBIE;2016;234
SAINT-SIEGE;2013;0
KAZAKHSTAN;2008;314
LESOTHO;2013;0
MONACO;2016;7697
BOLIVIE;2004;814
VANUATU;2009;1696
ISLANDE;2016;515
MONTENEGRO;2012;121
TCHAD;2002;1400
BULGARIE;2018;1526
HONDURAS;2016;265
NICARAGUA;2014;707
ALBANIE;2013;201
BELGIQUE;2010;101236
MALI;2012;4774
IRAN;2018;1167
ALBANIE;2008;90
BURKINA;2006;3090
PAKISTAN;2013;555
PAYS-BAS;2001;16423
IRLANDE;2005;6669
EQUATEUR;2014;2460
LAOS;2011;1884
LUXEMBOURG;2008;24809
UKRAINE;2003;353
PAKISTAN;2016;558
AFRIQUE DU SUD;2003;5958
AUTRICHE;2002;5250
GEORGIE;2005;136
LUXEMBOURG;2013;32575
NEPAL;2008;186
MEXIQUE;2017;18745
ROUMANIE;2013;3075
TAIWAN;2010;1331
BELIZE;2018;0
JAPON;2017;10252
COMORES;2010;1622
LAOS;2002;999
AFRIQUE DU SUD;2014;7629
SAINTE-LUCIE;2015;926
AUSTRALIE;2011;18323
MALI;2005;4576
NOUVELLE-ZELANDE;2003;1619
SENEGAL;2004;15235
TURQUIE;2006;4719
CENTRAFRIQUE (Rép.);2005;1086
MAURITANIE;2001;1520
HAITI;2018;1781
GEORGIE;2013;313
CANADA;2014;86837
GABON;2015;10568
REP. DOMINICAINE;2013;3994
SURINAME;2004;148
DANEMARK;2005;3838
SAINT-SIEGE;2006;65
LIBYE;2018;63
BOTSWANA;2007;98
SLOVENIE;2002;388
ARGENTINE;2017;12496
TADJIKISTAN;2015;54
TADJIKISTAN;2016;36
AZERBAIDJAN;2008;155
BOTSWANA;2005;79
CHILI;2013;10623
CROATIE;2017;1040
MAROC;2003;30208
TURKMENISTAN;2009;408
VENEZUELA;2003;4832
AFRIQUE DU SUD;2001;5254
SAINT-SIEGE;2018;0
UKRAINE;2011;1016
SALVADOR;2011;690
ISLANDE;2014;340
LIBERIA;2017;0
ARABIE SAOUDITE;2018;6154
BRUNEI;2017;124
NOUVELLE-ZELANDE;2015;4400
PAYS-BAS;2016;25685
ISRAEL;2011;58840
MALAISIE;2003;1568
MAURITANIE;2007;1721
THAILANDE;2001;3473
AZERBAIDJAN;2006;132
DANEMARK;2002;3348
VANUATU;2018;1919
ANDORRE;2003;3783
JORDANIE;2006;1040
SERBIE;2010;1502
ARABIE SAOUDITE;2014;5710
SIERRA LEONE;2015;0
ESTONIE;2009;144
TAIWAN;2004;1282
LAOS;2018;2070
GUINEE-EQUATORIALE;2007;398
LAOS;2005;1086
SRI LANKA;2006;488
EQUATEUR;2017;2955
PHILIPPINES;2018;3173
GUINEE;2008;2245
BULGARIE;2014;1223
CAMBODGE;2008;3053
CROATIE;2012;984
GHANA;2003;451
MOLDAVIE;2011;102
COTE D'IVOIRE;2009;12153
JERUSALEM;2005;13158
CUBA;2017;1042
UKRAINE;2016;887
BRUNEI;2011;186
KENYA;2015;1561
MONTENEGRO;2016;135
NIGER;2018;1405
NIGER;2011;1558
CHYPRE;2007;1183
COTE D'IVOIRE;2015;16429
BULGARIE;2002;542
MOLDAVIE;2013;90
SEYCHELLES;2006;362
SLOVAQUIE;2007;938
SURINAME;2016;236
YEMEN;2008;725
ARGENTINE;2008;15225
BELGIQUE;2001;69434
MALAISIE;2012;2753
JERUSALEM;2009;17856
NEPAL;2006;184
SERBIE;2001;520
ARMENIE;2010;600
IRAK;2003;43
LIBYE;2007;470
SURINAME;2002;129
TANZANIE;2003;437
BANGLADESH;2014;272
BOLIVIE;2001;771
IRAK;2001;71
JAMAIQUE;2014;183
PAPOUASIE-NOUVELLE-GUINEE;2018;80
LETTONIE;2003;112
BANGLADESH;2018;245
NEPAL;2018;207
SYRIE;2015;814
COTE D'IVOIRE;2003;16475
REP. DEMOCRAT. DU CONGO;2017;2695
SINGAPOUR;2015;12000
SOMALIE;2013;0
ETHIOPIE;2002;363
HONDURAS;2012;412
TRINITE-ET-TOBAGO;2016;553
BURKINA;2012;3467
TRINITE ET TOBAGO;2001;431
TUNISIE;2003;16210
DANEMARK;2017;5773
BURKINA;2013;3582
JORDANIE;2008;1263
GHANA;2007;839
ISRAEL;2004;43111
SERBIE;2012;1425
ISRAEL/TER. PALESTINIENS;2013;74988
SEYCHELLES;2016;581
SUISSE;2004;133074
TANZANIE;2009;529
TCHEQUE (REP.);2001;1597
ARMENIE;2004;446
GUINEE-EQUATORIALE;2012;620
NIGERIA;2010;1699
PAKISTAN;2004;379
GUINEE-BISSAO;2016;398
JAMAIQUE;2018;134
KAZAKHSTAN;2017;432
VIET-NAM;2005;3445
QATAR;2008;2278
URUGUAY;2007;2127
DANEMARK;2009;4462
PARAGUAY;2009;1343
RUSSIE;2003;3082
SINGAPOUR;2012;9940
PAKISTAN;2015;551
VANUATU;2014;1947
BANGLADESH;2007;157
ETHIOPIE;2011;895
MOLDAVIE;2010;87
PHILIPPINES;2006;1501
COSTA RICA;2014;2482
CUBA;2009;526
GUINEE-BISSAO;2010;111
NAMIBIE;2008;246
NEPAL;2003;161
MALAWI;2014;0
MONGOLIE;2013;152
PAKISTAN;2007;503
ROYAUME-UNI;2008;112660
ARMENIE;2017;551
PANAMA;2014;1660
AZERBAIDJAN;2001;85
COMORES;2005;1301
NAMIBIE;2005;199
BULGARIE;2016;1412
LIBERIA;2013;0
IRAK;2002;92
SLOVENIE;2006;569
FIDJI;2018;211
SUISSE;2014;167207
AUTRICHE;2005;6152
MAROC;2013;46995
SYRIE;2013;1397
AUTRICHE;2006;6465
DOMINICAINE (REP.);2011;3818
SOUDAN;2018;244
CONGO (REP. DEMOCRAT.);2001;934
BAHREIN;2015;1124
LETTONIE;2018;279
PORTUGAL;2018;16611
BOLIVIE;2002;738
CHILI;2001;5832
EGYPTE;2013;5971
MACEDOINE (A.R.Y.M.);2011;201
MADAGASCAR;2008;19821
OUGANDA;2008;231
PAKISTAN;2009;583
PAKISTAN;2010;598
BAHREIN;2007;683
COREE DU SUD;2001;1354
ETHIOPIE;2006;696
MONACO;2013;7865
DJIBOUTI;2016;4305
FIDJI;2015;232
IRAK;2015;391
VENEZUELA;2010;4913
ALLEMAGNE;2010;111742
BOLIVIE;2005;851
IRAN;2010;844
ISRAEL;2010;59018
SLOVENIE;2013;679
VANUATU;2002;1049
GABON;2017;9795
JAMAIQUE;2017;186
BOSNIE-HERZEGOVINE;2011;318
VANUATU;2017;1898
KAZAKHSTAN;2004;154
POLOGNE;2009;5127
RUSSIE;2007;4769
TAIWAN;2001;1089
BOSNIE-HERZEGOVINE;2008;243
COMORES;2003;1016
KOWEIT;2018;1134
REP. DEMOCRAT. DU CONGO;2015;2622
COREE DU SUD;2006;1526
DANEMARK;2016;5695
ZAMBIE;2012;241
AUTRICHE;2017;9666
COREE;2013;2451
GUINEE;2018;2664
ARABIE SAOUDITE;2004;3566
KENYA;2002;814
LUXEMBOURG;2011;28720
SRI LANKA;2007;471
HAITI;2004;1402
IRLANDE;2018;10889
ZIMBABWE;2018;281
CANADA;2012;78647
CHILI;2014;10936
SUEDE;2017;8261
ARABIE SAOUDITE;2002;3943
BAHREIN;2008;872
BURUNDI;2002;184
NIGER;2007;1445
POLOGNE;2014;6247
TURQUIE;2015;9029
ZIMBABWE;2015;258
CONGO;2004;2975
GABON;2011;11217
IRAN;2011;903
SOUDAN DU SUD;2008;0
NORVEGE;2003;3227
TAIWAN;2011;1517
TUNISIE;2008;17980
CHYPRE;2008;1291
ITALIE;2012;46987
ETHIOPIE;2018;1012
LITUANIE;2001;169
MEXIQUE;2009;16048
PEROU;2002;2411
BIRMANIE;2015;777
KOWEIT;2001;597
MALI;2001;3958
PHILIPPINES;2013;2507
HONGRIE;2014;2423
MALAISIE;2014;3338
EQUATEUR;2005;1566
FIDJI;2010;171
KAZAKHSTAN;2009;353
MONGOLIE;2011;118
ROUMANIE;2001;1420
TUNISIE;2007;15931
OUZBEKISTAN;2016;105
ANGOLA;2010;1859
BANGLADESH;2004;125
BENIN;2004;3694
LUXEMBOURG;2001;15940
ALBANIE;2016;197
COSTA RICA;2015;2557
AUTRICHE;2003;5727
DOMINICAINE (REP.);2001;1443
SAINT-SIEGE;2009;21
MALI;2015;7307
ESPAGNE;2007;69290
SURINAME;2008;202
CHILI;2018;13011
INDE;2001;7924
PHILIPPINES;2007;1639
SEYCHELLES;2017;573
AZERBAIDJAN;2002;84
TANZANIE;2011;630
CAMBODGE;2005;2323
PEROU;2018;3770
CANADA;2016;101541
SRI LANKA;2017;644
AFRIQUE DU SUD;2010;7054
BAHREIN;2003;458
BENIN;2001;3127
CENTRAFRIQUE (Rép.);2006;1293
COMORES;2002;976
SEYCHELLES;2012;538
CAP-VERT;2017;278
EMIRATS ARABES UNIS;2014;19324
MEXIQUE;2014;17728
INDONESIE;2005;2228
MALAISIE;2001;1179
MOLDAVIE;2008;65
ROUMANIE;2002;1577
TAIWAN;2003;1200
KOSOVO;2011;108
PHILIPPINES;2012;2371
AFGHANISTAN;2009;303
INDE;2013;9950
CROATIE;2014;1076
LIBERIA;2016;0
BIRMANIE;2008;274
JORDANIE;2013;1464
OMAN;2012;728
SLOVAQUIE;2003;317
TANZANIE;2012;668
TANZANIE;2015;744
TURKMENISTAN;2007;136
NEPAL;2010;233
SEYCHELLES;2002;271
DJIBOUTI;2009;4899
GABON;2004;8832
LIBYE;2017;124
LITUANIE;2017;455
SURINAME;2007;191
THAILANDE;2012;9905
DOMINICAINE (REP.);2004;1923
NEPAL;2009;220
JAPON;2016;9722
BANGLADESH;2001;164
BRESIL;2013;20806
MOZAMBIQUE;2004;425
NEPAL;2004;174
MACEDOINE;2014;225
SINGAPOUR;2014;11415
SLOVENIE;2017;740
AFGHANISTAN;2013;241
ANDORRE;2012;3309
OMAN;2006;430
LUXEMBOURG;2016;34839
MAURICE;2015;10629
SUISSE;2003;129506
BOSNIE-HERZEGOVINE;2006;277
HONDURAS;2007;384
BURKINA;2015;3442
CHYPRE;2016;1409
TCHAD;2016;1454
GHANA;2013;967
SURINAME;2015;239
PANAMA;2010;1130
PORTUGAL;2004;11998
DJIBOUTI;2017;4012
KOSOVO;2018;151
INDE;2004;7947
KAZAKHSTAN;2018;393
POLOGNE;2016;6195
MONACO;2005;7923
GUINEE-EQUATORIALE;2010;566
KAZAKHSTAN;2002;111
QATAR;2007;1802
ISRAEL/TER. PALESTINIENS;2016;71136
LUXEMBOURG;2009;25385
MAROC;2010;41129
SLOVAQUIE;2006;948
CAMBODGE;2009;3131
CAMEROUN;2003;6155
CUBA;2012;551
BENIN;2015;3833
ANGOLA;2001;1109
CHILI;2005;7610
ESPAGNE;2013;91707
MONGOLIE;2006;74
SRI LANKA;2010;413
GRECE;2008;10154
NOUVELLE-ZELANDE;2014;4035
CAP-VERT;2005;246
KENYA;2008;1056
BOTSWANA;2009;113
ESTONIE;2013;208
CHINE;2017;30824
AUSTRALIE;2009;16004
MAROC;2004;29942
VIET NAM;2016;7652
ARMENIE;2006;510
BOTSWANA;2012;126
FINLANDE;2011;2569
SAINTE-LUCIE;2012;760
LIBAN;2002;15691
MALTE;2011;497
PAYS-BAS;2013;23448
TURQUIE;2013;7916
FINLANDE;2016;3059
TRINITE-ET-TOBAGO;2018;350
IRAN;2001;710
PAPOUASIE-NLE-GUINEE;2007;30
COREE;2017;3067
KAZAKHSTAN;2016;457
NEPAL;2016;225
ZIMBABWE;2005;264
ALLEMAGNE;2008;106842
MALI;2018;8739
COMORES;2008;1587
MOLDAVIE;2007;63
COLOMBIE;2014;5246
BANGLADESH;2009;181
MAURITANIE;2004;1811
PAPOUASIE-NOUVELLE-GUINEE;2015;69
RWANDA;2017;381
ANDORRE;2005;3991
DANEMARK;2012;5260
ESPAGNE;2015;86016
INDONESIE;2014;4162
PEROU;2010;3470
OMAN;2014;785
MONGOLIE;2007;84
POLOGNE;2001;4850
POLOGNE;2005;4889
TCHAD;2001;1401
BURKINA;2002;2749
CHYPRE;2013;1428
CROATIE;2006;847
JAMAIQUE;2008;174
SINGAPOUR;2002;3290
ALBANIE;2015;203
ESTONIE;2017;287
LITUANIE;2016;431
SUEDE;2015;7075
ZAMBIE;2014;214
MACEDOINE (A.R.Y.M.);2001;129
SOUDAN;2017;242
COSTA RICA;2007;1492
DOMINICAINE (REP.);2006;2885
ROUMANIE;2005;2256
MALAISIE;2018;3218
CHYPRE;2003;946
BRUNEI;2015;171
SEYCHELLES;2009;481
YEMEN;2011;510
ARGENTINE;2010;14234
BOSNIE-HERZEGOVINE;2003;252
COTE D'IVOIRE;2013;14162
VANUATU;2008;1594
REP. DOMINICAINE;2017;3850
EMIRATS ARABES UNIS;2017;22822
MALI;2014;6158
NIGERIA;2018;1358
JAMAIQUE;2010;173
MALAISIE;2002;1369
BENIN;2014;3791
ETATS-UNIS;2014;135837
SLOVAQUIE;2017;1030
ANGOLA;2012;2067
KOWEIT;2016;1144
ROYAUME-UNI;2018;146213
BIRMANIE;2010;254
DJIBOUTI;2006;5495
GHANA;2005;642
TURKMENISTAN;2011;473
TURQUIE;2007;4947
ANGOLA;2016;1766
MAROC;2018;54674
FINLANDE;2001;1382
LAOS;2007;1209
TURKMENISTAN;2002;132
SINGAPOUR;2018;14400
MALTE;2002;220
AUTRICHE;2007;6887
KAZAKHSTAN;2011;417
PORTUGAL;2013;15472
ARMENIE;2014;588
ZAMBIE;2015;209
ALLEMAGNE;2003;107774
IRAK;2010;100
MOZAMBIQUE;2008;392
OMAN;2017;812
CAMEROUN;2013;6210
TAIWAN;2008;1300
INDONESIE;2002;1751
IRAN;2004;845
MALAISIE;2013;3134
OUGANDA;2011;387
ETHIOPIE;2010;842
IRAK;2004;43
SERBIE;2002;732
BRESIL;2003;15384
SAINT-SIEGE;2007;58
SEYCHELLES;2014;563
ARGENTINE;2002;13490
MADAGASCAR;2006;20124
PAKISTAN;2002;342
MEXIQUE;2015;18537
HAITI;2007;1432
BAHREIN;2017;1110
ROUMANIE;2018;4131
SOUDAN;2012;222
AUTRICHE;2014;8760
BURUNDI;2017;308
BELGIQUE;2004;86069
INDONESIE;2013;3973
CHILI;2011;11046
CHINE;2009;24953
IRLANDE;2008;8448
LITUANIE;2008;289
OMAN;2008;521
SURINAME;2013;259
BURKINA;2017;3423
BRESIL;2010;18757
JAPON;2014;7561
TUNISIE;2015;21932
ITALIE;2005;41494
BOTSWANA;2003;73
INDONESIE;2008;2501
JAMAIQUE;2001;153
KOWEIT;2009;943
MAROC;2001;25849
KOWEIT;2014;1109
NOUVELLE-ZELANDE;2010;3304
ARGENTINE;2006;14811
BANGLADESH;2008;164
CHYPRE;2017;1418
OUZBEKISTAN;2007;94
PORTUGAL;2014;15181
SAINT-SIEGE;2003;42
SOUDAN;2005;304
AZERBAIDJAN;2007;136
ZIMBABWE;2002;288
BOSNIE-HERZEGOVINE;2005;243
LIBYE;2012;256
MALTE;2007;296
PAYS-BAS;2012;23149
TRINITE ET TOBAGO;2003;602
CAMBODGE;2004;2465
CAP-VERT;2013;412
ALLEMAGNE;2015;114020
RUSSIE;2015;5755
IRLANDE;2013;8310
BURUNDI;2012;412
EMIRATS ARABES UNIS;2018;23054
CAMEROUN;2008;5567
ETATS-UNIS;2015;141942
VANUATU;2015;1840
ANGOLA;2011;2070
BOLIVIE;2009;1125
CHYPRE;2009;1339
JERUSALEM;2010;19730
LITUANIE;2006;230
GRECE;2017;10072
SENEGAL;2003;15079
GUINEE EQUATORIALE;2014;587
MALAWI;2013;0
COLOMBIE;2004;3306
CHINE;2016;31252
CAMBODGE;2006;2626
ESTONIE;2011;182
LUXEMBOURG;2005;21714
TANZANIE;2017;660
ANGOLA;2015;1838
CAMBODGE;2015;4731
COREE;2018;3053
CANADA;2006;67200
CENTRAFRIQUE (Rép.);2010;1210
CHYPRE;2011;1339
COLOMBIE;2007;3180
SEYCHELLES;2008;496
BURUNDI;2014;481
ESTONIE;2010;146
SOUDAN;2008;331
SIERRA LEONE;2018;0
ARMENIE;2012;574
MONACO;2015;7692
ARGENTINE;2005;15065
PORTUGAL;2015;15284
CROATIE;2018;1066
BENIN;2003;3535
BRESIL;2012;19754
ETATS-UNIS;2013;129520
LUXEMBOURG;2006;22981
MADAGASCAR;2004;20044
MAURICE;2004;7038
CONGO;2005;3102
MONACO;2012;7683
PORTUGAL;2009;14320
JERUSALEM;2006;14585
POLOGNE;2011;5757
ZAMBIE;2002;188
YEMEN;2014;493
BENIN;2009;3435
CAP-VERT;2012;390
GUINEE;2009;2227
COLOMBIE;2015;5428
NIGERIA;2008;1666
SINGAPOUR;2013;10526
ALGERIE;2004;30964
IRLANDE;2004;6091
ITALIE;2017;43877
MAURICE;2005;6600
TANZANIE;2013;672
MACEDOINE;2017;268
BENIN;2013;3755
MAURITANIE;2012;2120
SOUDAN;2002;196
CANADA;2017;103967
SALVADOR;2014;667
TADJIKISTAN;2018;23
COSTA RICA;2003;1046
CAP-VERT;2018;283
MAROC;2007;34097
TAIWAN;2006;1301
TAIWAN;2013;1678
AFRIQUE DU SUD;2008;6987
CONGO (REP. DEMOCRAT.);2012;2578
PANAMA;2009;932
SLOVENIE;2010;667
BURKINA;2016;3317
HONGRIE;2016;2564
MOLDAVIE;2009;78
PHILIPPINES;2009;1790
SERBIE;2006;1228
HONGRIE;2006;2336
INDONESIE;2007;2318
MALTE;2013;600
MAROC;2017;54043
BELGIQUE;2013;115888
TURQUIE;2008;5443
ZIMBABWE;2009;236
MONTENEGRO;2014;133
PARAGUAY;2018;1227
GUINEE-BISSAO;2002;89
OUZBEKISTAN;2012;86
EGYPTE;2005;5331
ETHIOPIE;2009;775
FIDJI;2001;101
PAKISTAN;2006;511
RWANDA;2013;324
SUISSE;2011;155743
CHINE;2015;31296
OUZBEKISTAN;2018;135
ARGENTINE;2001;12406
COLOMBIE;2011;4545
ESTONIE;2008;138
KENYA;2009;1096
SOUDAN DU SUD;2013;109
LIBAN;2008;18225
BRUNEI;2006;106
CAMBODGE;2011;3897
BAHREIN;2014;1013
RUSSIE;2018;5022
SENEGAL;2018;21339
SOMALIE;2014;0
CENTRAFRICAINE (REP.);2014;687
EMIRATS ARABES UNIS;2006;8045
FIDJI;2005;102
LITUANIE;2002;193
MACEDOINE (A.R.Y.M.);2013;203
TANZANIE;2005;449
BANGLADESH;2016;237
UKRAINE;2014;938
SENEGAL;2001;13283
VENEZUELA;2009;4954
INDE;2010;9004
VIET-NAM;2013;6646
AFRIQUE DU SUD;2004;6312
ETHIOPIE;2003;407
GUINEE EQUATORIALE;2013;707
AFGHANISTAN;2010;319
AUTRICHE;2010;7482
GUATEMALA;2007;772
LAOS;2008;1439
TOGO;2007;2764
ALGERIE;2002;12541
ANGOLA;2013;1896
LITUANIE;2011;379
NICARAGUA;2017;699
KENYA;2013;1529
GUINEE;2015;3026
GUINEE;2017;2837
JORDANIE;2017;1634
CAMEROUN;2009;5774
SALVADOR;2012;701
YEMEN;2018;85
GABON;2016;10600
GEORGIE;2004;147
JAMAIQUE;2007;185
RWANDA;2007;175
SENEGAL;2011;17729
TCHAD;2013;1306
OMAN;2016;779
GUINEE-BISSAO;2009;120
HONGRIE;2002;1614
GUINEE;2006;2862
NIGER;2009;1550
SAINTE-LUCIE;2008;853
SUISSE;2013;163600
NOUVELLE-ZELANDE;2011;3512
ROUMANIE;2007;2208
TURKMENISTAN;2001;111
ZIMBABWE;2011;241
QATAR;2014;3808
GUATEMALA;2012;777
NIGER;2016;1428
ALLEMAGNE;2005;101391
BELGIQUE;2003;85587
CENTRAFRIQUE (Rép.);2004;1178
DOMINICAINE (REP.);2009;3090
MEXIQUE;2003;13087
RWANDA;2010;194
ZAMBIE;2009;232
AUSTRALIE;2013;20670
CHILI;2002;6521
PEROU;2001;2277
ZIMBABWE;2008;230
COTE D'IVOIRE;2012;13778
CROATIE;2003;636
ETHIOPIE;2001;356
HAITI;2002;1407
GHANA;2018;1139
JORDANIE;2007;1148
TCHAD;2010;1383
INDE;2002;8134
YEMEN;2016;245
INDE;2012;9687
VANUATU;2010;1853
KAZAKHSTAN;2007;278
KOSOVO;2012;136
MONGOLIE;2012;142
PARAGUAY;2007;1262
OMAN;2007;473
FIDJI;2003;107
KENYA;2001;729
TUNISIE;2017;23324
ALLEMAGNE;2012;110881
URUGUAY;2011;2824
VANUATU;2011;1962
BELGIQUE;2015;120724
BRUNEI;2012;205
NAMIBIE;2006;218
PEROU;2009;3315
MONACO;2014;7731
GRECE;2011;11226
ETHIOPIE;2014;993
SEYCHELLES;2015;602
NAMIBIE;2007;233
QATAR;2001;584
BOSNIE-HERZEGOVINE;2002;183
BULGARIE;2011;1004
EMIRATS ARABES UNIS;2003;5387
ROUMANIE;2011;2979
ARABIE SAOUDITE;2017;6173
POLOGNE;2003;5393
IRAK;2017;431
QATAR;2016;4513
LIBAN;2006;19279
POLOGNE;2002;5052
SAINTE-LUCIE;2007;800
TCHAD;2003;1268
BRESIL;2001;13132
CHYPRE;2010;1323
RUSSIE;2016;5463
ZIMBABWE;2003;297
BELGIQUE;2012;113563
INDONESIE;2001;1646
NOUVELLE-ZELANDE;2008;3188
PAYS-BAS;2003;19552
ISLANDE;2015;404
MAURITANIE;2015;1756
ARMENIE;2009;513
IRAN;2005;972
SALVADOR;2009;673
BIRMANIE;2001;196
CONGO (REP. DEMOCRAT.);2009;2145
JAMAIQUE;2006;202
SENEGAL;2005;16813
REP. DOMINICAINE;2016;4023
ARMENIE;2011;591
OUZBEKISTAN;2010;103
ANDORRE;2016;3114
AZERBAIDJAN;2012;152
DJIBOUTI;2005;4273
MONACO;2011;7792
TURQUIE;2005;4184
GHANA;2014;1110
MONGOLIE;2018;99
MEXIQUE;2018;19813
POLOGNE;2007;5025
NEPAL;2014;248
TURQUIE;2018;11694
ALBANIE;2001;54
ESTONIE;2005;108
HONGRIE;2003;1679
MALI;2017;8577
LAOS;2003;967
CAMBODGE;2007;2785
CAMEROUN;2001;5666
MALAISIE;2007;1596
UKRAINE;2001;274
FIDJI;2017;249
YEMEN;2002;368
BOTSWANA;2001;75
GUINEE-EQUATORIALE;2004;284
TURQUIE;2009;5766
TOGO;2005;2697
UKRAINE;2002;295
YEMEN;2007;645
YEMEN;2012;457
IRAK;2007;32
CENTRAFRICAINE (REP.);2017;802
BELIZE;2016;0
LIBYE;2001;301
PAYS-BAS;2008;21282
ALGERIE;2001;7389
BIELORUSSIE;2010;111
AUSTRALIE;2016;25267
SERBIE;2011;1483
ZAMBIE;2013;262
LETTONIE;2013;203
MEXIQUE;2001;9384
PHILIPPINES;2004;1351
ROYAUME-UNI;2006;111186
SYRIE;2001;1804
ALGERIE;2016;40717
BURKINA;2009;3279
GRECE;2001;7472
HAITI;2011;1551
MALTE;2003;219
AFRIQUE DU SUD;2018;8009
DANEMARK;2018;5668
NIGERIA;2009;1663
RUSSIE;2014;5961
BAHREIN;2013;939
COSTA RICA;2010;1946
ROYAUME-UNI;2003;91630
SAINTE-LUCIE;2004;659
PAPOUASIE-NOUVELLE-GUINEE;2017;85
REP. DEMOCRAT. DU CONGO;2016;2693
VIET NAM;2013;6646
MEXIQUE;2008;15378
SUISSE;2006;129872
AFGHANISTAN;2018;136
ARMENIE;2016;548
BURKINA;2007;3172
ITALIE;2002;35682
TADJIKISTAN;2017;25
VANUATU;2016;1900
NICARAGUA;2006;579
NICARAGUA;2007;556
PEROU;2003;2687
SURINAME;2005;156
AFGHANISTAN;2006;226
MALAWI;2015;0
VENEZUELA;2015;4456
CAP-VERT;2007;328
IRAK;2008;25
GRECE;2015;10040
COREE DU SUD;2007;1559
MALAISIE;2004;1442
SRI LANKA;2012;441
KENYA;2017;1814
BIELORUSSIE;2005;63
CAP-VERT;2011;389
ESTONIE;2007;138
NORVEGE;2010;4760
PAPOUASIE-NOUVELLE-GUINEE;2016;77
SUISSE;2016;179597
CAP-VERT;2009;351
MAURICE;2003;6983
SLOVENIE;2001;380
TADJIKISTAN;2013;54
IRAN;2017;1331
SRI LANKA;2014;488
FINLANDE;2012;2573
LIBAN;2015;22121
LIBAN;2004;16564
VANUATU;2003;1018
VANUATU;2007;1424
BULGARIE;2015;1325
PAPOUASIE-NLE-GUINEE;2002;51
YEMEN;2003;333
KOWEIT;2005;828
ROUMANIE;2012;2973
SLOVAQUIE;2015;841
TADJIKISTAN;2014;66
HONGRIE;2011;2413
NOUVELLE-ZELANDE;2013;3612
BRESIL;2014;21509
OUZBEKISTAN;2011;111
PARAGUAY;2003;994
TUNISIE;2002;15079
MONGOLIE;2002;11
UKRAINE;2006;637
COLOMBIE;2003;3424
GEORGIE;2015;326
MAURICE;2018;11650
BELGIQUE;2006;82271
BRESIL;2008;17773
OMAN;2003;400
TUNISIE;2004;15375
AUSTRALIE;2015;24284
NORVEGE;2011;5034
NORVEGE;2013;5111
EQUATEUR;2012;2213
MAURITANIE;2002;1507
BELIZE;2014;0
CAMEROUN;2011;6183
NORVEGE;2015;4682
ALBANIE;2007;100
ESPAGNE;2012;95052
GUINEE-BISSAO;2007;124
ISLANDE;2009;303
ISRAEL;2003;42533
SRI LANKA;2005;409
COSTA RICA;2016;2668
NIGER;2008;1472
ROYAUME-UNI;2010;113655
TCHAD;2008;1282
BOLIVIE;2018;1511
MONTENEGRO;2017;144
ARABIE SAOUDITE;2010;4796
BULGARIE;2009;888
CONGO (REP. DEMOCRAT.);2008;2090
GUATEMALA;2002;569
TADJIKISTAN;2012;42
IRLANDE;2015;9089
SIERRA LEONE;2016;0
ALGERIE;2011;28830
ESPAGNE;2004;68477
ESPAGNE;2011;94056
JERUSALEM;2007;15510
SAINTE-LUCIE;2009;859
TCHEQUE (REP.);2012;3115
NIGERIA;2007;1625
PARAGUAY;2005;1114
BAHREIN;2012;942
NICARAGUA;2008;579
SERBIE;2018;1795
GUATEMALA;2011;788
NIGER;2004;1477
NOUVELLE-ZELANDE;2004;1707
UKRAINE;2005;484
BURKINA;2011;3387
BRUNEI;2014;187
CUBA;2001;535
JERUSALEM;2002;9463
OUZBEKISTAN;2005;152
CHILI;2016;11652
NIGERIA;2015;1678
FIDJI;2009;191
TURQUIE;2012;7367
BRESIL;2009;18578
CANADA;2003;60047
PHILIPPINES;2005;1322
HAITI;2015;1715
IRAN;2009;831
SLOVAQUIE;2010;1017
LIBERIA;2014;0
REP. DOMINICAINE;2014;4029
GEORGIE;2016;376
ALGERIE;2009;30993
ANDORRE;2007;4091
CENTRAFRIQUE (Rép.);2009;1177
MADAGASCAR;2002;17868
PORTUGAL;2002;10455
SENEGAL;2013;19661
AUSTRALIE;2006;17312
FINLANDE;2003;1618
MEXIQUE;2012;17556
OUGANDA;2003;195
OMAN;2010;653
SUISSE;2015;175700
COTE D'IVOIRE;2007;9491
GEORGIE;2001;80
MONACO;2001;9323
CAMBODGE;2016;4880
KENYA;2018;1888
NORVEGE;2009;4734
ALGERIE;2014;34371
COLOMBIE;2017;5799
KENYA;2016;1657
MONTENEGRO;2018;147
IRLANDE;2003;5664
ARGENTINE;2003;14092
AUSTRALIE;2010;15821
ISLANDE;2012;348
PARAGUAY;2011;1395
TCHEQUE (REP.);2013;3403
BELGIQUE;2014;117782
TCHAD;2012;1186
TCHEQUE (REP.);2002;1554
TUNISIE;2005;15463
MAURICE;2001;5715
MONACO;2003;9639
PEROU;2006;2684
SALVADOR;2002;521
TURKMENISTAN;2006;141
SYRIE;2016;573
ISLANDE;2004;224
OMAN;2002;357
SALVADOR;2001;439
ARGENTINE;2014;14548
LIBYE;2010;742
MAURITANIE;2013;1915
MONACO;2007;8838
ARMENIE;2001;436
BRUNEI;2009;142
BANGLADESH;2012;233
ITALIE;2004;41797
RUSSIE;2013;6093
BIELORUSSIE;2012;140
BOTSWANA;2004;77
TCHEQUE (REP.);2008;2501
URUGUAY;2003;2305
NIGER;2003;1490
BANGLADESH;2002;164
ETHIOPIE;2017;1031
MALI;2011;4815
PARAGUAY;2001;983
ROYAUME-UNI;2002;85823
CAMBODGE;2012;4181
ESPAGNE;2009;86173
JAPON;2011;7480
ALGERIE;2017;41780
THAILANDE;2018;13321
JERUSALEM;2004;11805
PAPOUASIE-NLE-GUINEE;2003;44
PEROU;2011;3713
TANZANIE;2008;485
GHANA;2008;862
SLOVENIE;2016;735
TCHAD;2014;1444
BOSNIE-HERZEGOVINE;2001;153
CONGO;2013;5561
OUGANDA;2013;417
SYRIE;2009;2955
PEROU;2014;3804
CUBA;2003;602
EGYPTE;2012;6284
ZAMBIE;2010;215
LETTONIE;2016;269
COLOMBIE;2005;3033
ETATS-UNIS;2010;115058
ITALIE;2003;41133
MACEDOINE (A.R.Y.M.);2008;322
HONDURAS;2015;274
AUTRICHE;2009;7454
ISLANDE;2008;292
LUXEMBOURG;2007;23854
AFGHANISTAN;2011;334
PORTUGAL;2007;12135
RWANDA;2014;328
GUINEE-BISSAO;2012;106
IRAK;2005;37
KAZAKHSTAN;2014;457
TCHAD;2011;1259
CUBA;2013;563
ISRAEL/TER. PALESTINIENS;2018;71175
RWANDA;2016;365
AUTRICHE;2008;7168
CHINE;2004;11854
PORTUGAL;2012;15707
YEMEN;2004;372
DOMINICAINE (REP.);2003;1962
GUINEE-BISSAO;2011;109
SAINTE-LUCIE;2013;786
PANAMA;2018;1825
AUSTRALIE;2008;15291
DANEMARK;2004;3570
OMAN;2011;702
SEYCHELLES;2018;495
INDONESIE;2016;4395
GUINEE;2013;2839
BURUNDI;2010;438
PANAMA;2015;1722
ISLANDE;2006;273
AFGHANISTAN;2015;201
CAP-VERT;2014;407
BURKINA;2004;2960
GUINEE;2002;2564
AZERBAIDJAN;2009;155
LITUANIE;2015;427
YEMEN;2005;406
ALGERIE;2013;31677
ANDORRE;2010;3454
CENTRAFRIQUE (Rép.);2002;1278
EMIRATS ARABES UNIS;2010;12453
SAINTE-LUCIE;2001;396
ITALIE;2014;46113
CAMEROUN;2002;6046
COLOMBIE;2008;3701
OUZBEKISTAN;2013;88
BOSNIE-HERZEGOVINE;2012;346
CHILI;2008;9763
COREE DU SUD;2005;1554
GRECE;2007;9220
MOZAMBIQUE;2012;444
PANAMA;2012;1353
IRAN;2014;968
REPUBLIQUE TCHEQUE;2013;3403
BOSNIE-HERZEGOVINE;2017;388
LUXEMBOURG;2017;35872
ISLANDE;2001;208
NOUVELLE-ZELANDE;2007;2883
LUXEMBOURG;2010;26136
MACEDOINE (A.R.Y.M.);2010;297
ESTONIE;2003;70
FIDJI;2012;220
CAMEROUN;2014;6277
TUNISIE;2014;23279
COREE DU SUD;2010;1989
DJIBOUTI;2001;4872
ARABIE SAOUDITE;2006;3657
BELIZE;2015;0
LIBAN;2017;24181
CHYPRE;2005;981
SOMALIE;2015;0
TURQUIE;2011;6630
GUATEMALA;2018;989
OUZBEKISTAN;2008;94
PANAMA;2008;915
MADAGASCAR;2018;16931
CUBA;2010;516
ESTONIE;2004;81
LIBAN;2003;16853
MALI;2008;4559
PAYS-BAS;2002;18276
ALBANIE;2014;196
EGYPTE;2014;5905
LIBYE;2016;173
VENEZUELA;2014;4538
MACEDOINE (A.R.Y.M.);2002;186
TCHEQUE (REP.);2005;2461
IRLANDE;2016;10161
AFGHANISTAN;2008;177
ALBANIE;2010;121
SLOVAQUIE;2002;316
COLOMBIE;2013;5029
EQUATEUR;2011;2182
IRLANDE;2012;8980
PARAGUAY;2008;1285
SUEDE;2002;4057
KENYA;2014;1493
GUINEE-BISSAO;2003;95
BIELORUSSIE;2014;165
BIRMANIE;2011;270
DJIBOUTI;2011;5142
GABON;2013;10969
SENEGAL;2010;16817
EGYPTE;2017;6034
TURQUIE;2014;8470
NAMIBIE;2001;191
POLOGNE;2008;5061
BOSNIE-HERZEGOVINE;2007;247
JORDANIE;2003;827
TURKMENISTAN;2008;170
ALLEMAGNE;2016;118331
ESTONIE;2015;228
GUINEE EQUATORIALE;2017;122
BOLIVIE;2013;1416
SUEDE;2004;5205
NIGERIA;2003;1299
TOGO;2001;2561
COSTA RICA;2018;2840
MAURICE;2014;10589
NORVEGE;2005;3697
SALVADOR;2005;623
ROYAUME-UNI;2017;147506
CAMEROUN;2017;6331
GEORGIE;2007;184
JORDANIE;2012;1400
QATAR;2006;1504
ETHIOPIE;2015;1005
HAITI;2009;1362
AZERBAIDJAN;2015;162
ESPAGNE;2010;89391
MONACO;2008;8848
NOUVELLE-ZELANDE;2006;2714
COREE;2015;2927
COTE D'IVOIRE;2017;17776
AUSTRALIE;2005;14270
BRUNEI;2007;120
LUXEMBOURG;2014;33378
GUINEE-EQUATORIALE;2002;216
PAKISTAN;2003;365
UKRAINE;2009;941
VANUATU;2006;1354
HAITI;2013;1654
INDONESIE;2015;4301
SALVADOR;2015;624
TANZANIE;2018;629
ARABIE SAOUDITE;2005;3627
GUATEMALA;2008;807
KOWEIT;2006;926
BENIN;2018;3629
ESTONIE;2014;229
NAMIBIE;2004;192
IRLANDE;2009;8651
ANGOLA;2002;1107
CAP-VERT;2008;310
ITALIE;2013;46896
LIBAN;2018;24230
AFRIQUE DU SUD;2002;5438
HONDURAS;2003;268
MOLDAVIE;2016;90
NIGER;2014;1681
ANDORRE;2002;3159
SRI LANKA;2004;350
TANZANIE;2014;664
TRINITE-ET-TOBAGO;2013;649
VIET NAM;2015;7401
PORTUGAL;2006;12633
GRECE;2006;8678
HONDURAS;2006;416
SOUDAN;2007;375
TURQUIE;2010;6109
ALBANIE;2009;86
EGYPTE;2016;6030
MONTENEGRO;2013;120
BRUNEI;2001;95
LIBYE;2009;742
SYRIE;2003;2274
HONGRIE;2017;2644
ROYAUME-UNI;2009;113127
SERBIE;2015;1576
ARGENTINE;2011;14390
BELGIQUE;2005;79828
ANGOLA;2009;1695
HAITI;2016;1799
GUINEE-EQUATORIALE;2013;707
TOGO;2011;3007
AFRIQUE DU SUD;2015;7659
COTE D'IVOIRE;2006;13018
LIBYE;2005;503
PANAMA;2013;1428
PEROU;2008;3063
ESPAGNE;2014;90610
GEORGIE;2018;421
ZIMBABWE;2014;263
FIDJI;2004;110
MOZAMBIQUE;2007;391
CAP-VERT;2015;405
NIGERIA;2012;1851
SERBIE;2004;867
BURUNDI;2003;232
COREE DU SUD;2013;2451
ESPAGNE;2001;48661
ISLANDE;2010;309
AFRIQUE DU SUD;2016;7921
BRUNEI;2008;129
CAMBODGE;2010;3436
ISLANDE;2005;241
SRI LANKA;2013;486
PEROU;2015;3732
ALLEMAGNE;2011;114372
BRESIL;2011;19858
ISLANDE;2007;267
SINGAPOUR;2009;6957
SAINTE-LUCIE;2011;805
SEYCHELLES;2013;535
PEROU;2013;3699
SYRIE;2006;2794
CANADA;2015;92116
ANDORRE;2008;3885
BOSNIE-HERZEGOVINE;2009;252
MACEDOINE (A.R.Y.M.);2003;189
RWANDA;2015;303
UKRAINE;2015;850
YEMEN;2001;345
DOMINICAINE (REP.);2013;3994
COREE;2016;3077
NOUVELLE-ZELANDE;2018;5410
GRECE;2002;8175
TADJIKISTAN;2011;33
TURKMENISTAN;2003;129
CAMEROUN;2016;6404
ISLANDE;2013;349
ITALIE;2011;48352
PEROU;2005;2837
AZERBAIDJAN;2017;191
BOTSWANA;2016;117
ANDORRE;2013;3226
ETHIOPIE;2008;706
GHANA;2012;945
MAURICE;2011;9780
MACEDOINE (A.R.Y.M.);2009;325
ANDORRE;2017;2888
FINLANDE;2018;3180
COMORES;2015;1855
EMIRATS ARABES UNIS;2016;22502
GUINEE EQUATORIALE;2016;99
IRLANDE;2014;8735
EQUATEUR;2007;1464
COREE DU SUD;2002;1478
INDE;2009;9030
SYRIE;2011;2660
JAPON;2015;8106
MAURICE;2013;10322
BRESIL;2004;16321
LIBYE;2015;191
MONTENEGRO;2015;132
NEPAL;2015;212
POLOGNE;2017;6436
MALI;2007;4506
GUINEE EQUATORIALE;2015;515
ZAMBIE;2018;167
ARGENTINE;2012;14444
GUATEMALA;2010;803
MALTE;2005;253
MAURITANIE;2005;1920
NOUVELLE-ZELANDE;2001;1254
AUTRICHE;2016;9215
DANEMARK;2015;5188
GUINEE;2014;2958
MALTE;2015;748
MAURICE;2016;11367
MOZAMBIQUE;2002;377
LUXEMBOURG;2015;33362
LITUANIE;2004;208
SURINAME;2010;224
POLOGNE;2015;6170
ETATS-UNIS;2008;117076
HONGRIE;2013;2402
MAURICE;2008;8270
OUGANDA;2012;414
AUSTRALIE;2018;24834
COMORES;2016;1735
PARAGUAY;2010;1365
TAIWAN;2009;1325
GUINEE-EQUATORIALE;2011;684
GUINEE-BISSAO;2001;73
INDONESIE;2012;3906
JAPON;2005;7127
PAYS-BAS;2007;19375
AUSTRALIE;2002;11556
KOWEIT;2002;638
MEXIQUE;2005;13510
CAMEROUN;2005;5774
COLOMBIE;2010;4119
SUEDE;2010;5585
TOGO;2014;2806
TCHAD;2017;1442
CAMBODGE;2002;1976
SENEGAL;2009;15442
MALI;2004;4258
SINGAPOUR;2008;6169
CAMEROUN;2006;5833
REP. DEMOCRAT. DU CONGO;2013;2630
NEPAL;2001;199
GUINEE;2016;2949
GUINEE-BISSAO;2015;100
HAITI;2014;1642
BELGIQUE;2009;96596
ROUMANIE;2010;2985
REPUBLIQUE TCHEQUE;2015;4017
ROUMANIE;2017;4149
BULGARIE;2010;897
MADAGASCAR;2003;18711
SLOVAQUIE;2005;802
TOGO;2002;2694
LITUANIE;2018;495
COSTA RICA;2001;889
COTE D'IVOIRE;2010;13094
HONGRIE;2010;2338
IRAN;2013;913
NOUVELLE-ZELANDE;2009;3394
PAYS-BAS;2011;23934
SLOVAQUIE;2014;834
THAILANDE;2014;10923
BIRMANIE;2007;234
IRLANDE;2006;8258
SRI LANKA;2001;279
LITUANIE;2003;196
BOLIVIE;2014;1473
BOTSWANA;2017;96
MACEDOINE;2018;258
BANGLADESH;2010;208
ISRAEL;2006;44279
JERUSALEM;2003;11058
MADAGASCAR;2011;19864
PAPOUASIE-NLE-GUINEE;2005;22
SRI LANKA;2009;405
BAHREIN;2018;1116
ANGOLA;2006;1447
BANGLADESH;2005;159
CUBA;2008;507
ARGENTINE;2018;11906
OUGANDA;2017;357
BIELORUSSIE;2013;160
GUINEE;2004;2546
LITUANIE;2007;245
ANGOLA;2003;1190
EGYPTE;2002;4123
ETATS-UNIS;2002;88287
INDE;2007;8265
MONACO;2002;9454
ARMENIE;2015;529
FINLANDE;2007;2244
SYRIE;2018;599
MOZAMBIQUE;2006;362
SUISSE;2010;145108
TURKMENISTAN;2005;154
CANADA;2004;62364
GUATEMALA;2013;779
ARGENTINE;2013;14577
GUINEE-BISSAO;2004;82
ITALIE;2010;46554
OUGANDA;2009;280
PAPOUASIE-NOUVELLE-GUINEE;2014;102
PORTUGAL;2017;17432
SUEDE;2018;8819
MAROC;2005;30003
BULGARIE;2004;545
CROATIE;2004;690
BIELORUSSIE;2018;198
CAP-VERT;2010;337
COTE D'IVOIRE;2008;11248
EQUATEUR;2004;1463
MALTE;2006;297
PAKISTAN;2005;431
SALVADOR;2006;668
SERBIE;2009;1465
TURKMENISTAN;2010;551
ROYAUME-UNI;2011;123306
UKRAINE;2007;732
BOTSWANA;2014;125
GHANA;2015;1080
CENTRAFRIQUE (Rép.);2008;1215
GUATEMALA;2015;840
ZAMBIE;2017;163
NAMIBIE;2013;257
NIGERIA;2004;1324
BURKINA;2018;3610
OUZBEKISTAN;2015;97
TOGO;2017;2573
ZAMBIE;2011;243
CROATIE;2009;924
GHANA;2006;833
MAURICE;2009;8598
IRAN;2015;1046
NAMIBIE;2015;239
BANGLADESH;2006;170
BOTSWANA;2006;89
BRESIL;2002;13918
CAP-VERT;2004;217
BURKINA;2008;3349
EGYPTE;2010;6381
HONDURAS;2005;407
NIGERIA;2002;1328
SOUDAN DU SUD;2011;54
TCHAD;2007;1151
TOGO;2009;2763
ESPAGNE;2005;71226
JORDANIE;2002;820
SEYCHELLES;2005;290
PHILIPPINES;2003;1335
THAILANDE;2009;8903
TRINITE ET TOBAGO;2009;611
URUGUAY;2005;2242
VANUATU;2001;908
VANUATU;2004;1113
BOTSWANA;2015;120
TOGO;2018;2671
BIRMANIE;2009;280
CANADA;2005;60763
TUNISIE;2001;13694
EQUATEUR;2016;2720
HONGRIE;2018;2646
ETHIOPIE;2005;584
HAITI;2003;1431
OMAN;2009;559
SLOVAQUIE;2004;465
TCHEQUE (REP.);2009;2516
VIET NAM;2017;7832
BELGIQUE;2008;90588
CONGO;2002;2617
COREE DU SUD;2011;1993
ETATS-UNIS;2009;118197
PANAMA;2011;1270
CONGO (REP. DEMOCRAT.);2013;2630
CHINE;2011;30305
LITUANIE;2012;387
URUGUAY;2013;2869
LIBAN;2005;17564
PAKISTAN;2001;504
SENEGAL;2008;16882
POLOGNE;2018;6274
ROUMANIE;2015;3562
SOUDAN DU SUD;2017;68
BURUNDI;2015;377
INDE;2008;8669
LETTONIE;2010;166
MAROC;2011;44000
OUGANDA;2005;240
BURUNDI;2004;232
JAMAIQUE;2003;176
COTE D'IVOIRE;2014;15229
DJIBOUTI;2014;4871
JORDANIE;2016;1642
MALAWI;2016;0
MAURITANIE;2011;2127
BURKINA;2001;2465
LIBYE;2003;411
NAMIBIE;2002;151
SALVADOR;2013;727
BAHREIN;2004;523
GHANA;2004;521
ISRAEL;2005;42573
MOZAMBIQUE;2010;457
NICARAGUA;2011;660
RUSSIE;2010;5417
AFRIQUE DU SUD;2017;8109
BURUNDI;2008;375
FIDJI;2007;135
MONGOLIE;2010;100
QATAR;2009;2680
SUISSE;2002;118043
AFRIQUE DU SUD;2006;6560
GUINEE-EQUATORIALE;2006;330
BENIN;2017;3687
INDE;2018;8924
CAMEROUN;2010;5881
GABON;2006;10031
LITUANIE;2010;369
ROUMANIE;2006;2643
SINGAPOUR;2010;7706
SLOVENIE;2009;638
THAILANDE;2007;7411
GRECE;2016;10086
LETTONIE;2012;198
MAROC;2008;36818
SENEGAL;2007;16966
ALGERIE;2006;41498
BIELORUSSIE;2011;139
HONDURAS;2011;387
BULGARIE;2003;562
NIGERIA;2006;2023
SAINTE-LUCIE;2006;772
MAURICE;2002;6462
MONGOLIE;2001;5
SYRIE;2005;2375
LIBAN;2016;23046
ARABIE SAOUDITE;2011;5306
OUGANDA;2010;277
ANGOLA;2014;1768
SERBIE;2017;1735
TRINITE-ET-TOBAGO;2017;391
TURKMENISTAN;2016;95
CROATIE;2011;925
ISRAEL;2008;56585
SLOVAQUIE;2001;281
SOUDAN;2009;231
LIBYE;2014;258
TCHAD;2004;1234
GEORGIE;2006;172
MEXIQUE;2010;16404
ZAMBIE;2005;219
CONGO (REP. DEMOCRAT.);2006;1673
CONGO (REP. DEMOCRAT.);2004;1170
MALTE;2014;682
YEMEN;2017;136
ARABIE SAOUDITE;2007;3549
GUATEMALA;2004;711
SRI LANKA;2015;529
MEXIQUE;2013;17690
GUINEE EQUATORIALE;2018;323
MACEDOINE;2016;251
ESTONIE;2012;192
FIDJI;2002;108
JAMAIQUE;2012;163
ALGERIE;2005;38080
CHINE;2006;17185
CHYPRE;2001;833
MEXIQUE;2007;14315
TCHEQUE (REP.);2006;2749
TOGO;2008;2833
EGYPTE;2018;5951
REPUBLIQUE TCHEQUE;2016;4453
BOTSWANA;2013;120
COSTA RICA;2004;1238
NICARAGUA;2005;512
PARAGUAY;2017;1313
SOMALIE;2018;0
SUISSE;2009;143870
NAMIBIE;2003;176
THAILANDE;2002;3972
AUTRICHE;2018;10087
BANGLADESH;2017;229
BIRMANIE;2014;662
BAHREIN;2001;368
SLOVENIE;2018;746
LIBYE;2006;484
PAKISTAN;2008;531
PHILIPPINES;2011;2272
VENEZUELA;2005;5358
VIET-NAM;2002;2558
DJIBOUTI;2007;4426
MALAWI;2017;0
FIDJI;2013;222
IRLANDE;2002;4720
ANGOLA;2018;1578
BELGIQUE;2018;124182
BOLIVIE;2008;1027
GUINEE-EQUATORIALE;2005;268
KAZAKHSTAN;2006;298
BENIN;2016;3797
MAURICE;2012;10175
ALBANIE;2018;189
BELIZE;2017;0
VENEZUELA;2017;4081
PAYS-BAS;2004;19148
SUEDE;2009;5395
ZIMBABWE;2006;278
NEPAL;2017;224
IRAN;2002;813
LIBAN;2013;22525
MONGOLIE;2016;109
NIGERIA;2014;1732
BOTSWANA;2011;122
CHYPRE;2012;1372
OUZBEKISTAN;2001;108
ARGENTINE;2004;13844
CANADA;2008;68075
EGYPTE;2001;3807
GHANA;2017;1185
BULGARIE;2008;801
DANEMARK;2003;3744
EQUATEUR;2001;1147
FIDJI;2008;160
NOUVELLE-ZELANDE;2012;3491
PAYS-BAS;2005;18519
SUISSE;2018;188691
ZIMBABWE;2017;288
DOMINICAINE (REP.);2008;2856
ISLANDE;2003;200
LUXEMBOURG;2002;17804
RWANDA;2003;225
VENEZUELA;2006;5823
ALGERIE;2015;38325
INDE;2017;9303
AZERBAIDJAN;2011;164
BIELORUSSIE;2007;78
HONGRIE;2012;2396
ROUMANIE;2016;3945
NICARAGUA;2010;628
SURINAME;2011;251
JAPON;2013;7292
KOWEIT;2011;1014
LIBAN;2012;21589
BOLIVIE;2015;1527
CUBA;2014;634
SENEGAL;2014;20194
IRAK;2009;37
IRAN;2007;883
KAZAKHSTAN;2001;120
COTE D'IVOIRE;2018;17856
GUINEE-BISSAO;2017;365
MADAGASCAR;2010;19930
BURUNDI;2006;359
CUBA;2004;526
JAPON;2004;6755
SLOVAQUIE;2009;1094
NIGER;2015;1477
TCHEQUE (REP.);2007;2500
CHILI;2004;7331
CHILI;2010;10595
ESTONIE;2006;148
CROATIE;2015;1005
BOLIVIE;2010;1230
SURINAME;2012;246
ITALIE;2015;44835
ESPAGNE;2006;82458
LIBYE;2004;435
MAROC;2015;51109
PAPOUASIE-NOUVELLE-GUINEE;2013;134
VENEZUELA;2013;4580
GRECE;2009;10885
NAMIBIE;2012;300
SERBIE;2003;826
RUSSIE;2009;5251
TRINITE ET TOBAGO;2010;635
ZIMBABWE;2013;213
TAIWAN;2014;1778
CROATIE;2007;872
SALVADOR;2003;526
VIET-NAM;2008;4912
ROYAUME-UNI;2016;140224
FINLANDE;2010;2249
NIGER;2012;1639
MONACO;2006;8294
CENTRAFRIQUE (Rép.);2013;765
JAPON;2018;10251
PHILIPPINES;2015;2926
ALBANIE;2012;198
BENIN;2008;3332
KENYA;2012;1440
URUGUAY;2008;2642
YEMEN;2006;563
BAHREIN;2010;978
VENEZUELA;2004;5440
BIELORUSSIE;2003;66
GEORGIE;2017;402
JAMAIQUE;2011;203
SUEDE;2007;4607
BULGARIE;2007;737
FIDJI;2011;200
LETTONIE;2009;180
OUGANDA;2006;262
PEROU;2004;2825
GEORGIE;2014;306
REP. DOMINICAINE;2015;4106
REPUBLIQUE TCHEQUE;2018;4762
LETTONIE;2001;69
OMAN;2001;318
INDONESIE;2010;2917
KOWEIT;2013;1045
PARAGUAY;2015;1529
AFRIQUE DU SUD;2009;6998
MOLDAVIE;2018;76
HAITI;2008;1419
INDE;2011;9595
PEROU;2012;3597
ANDORRE;2014;3170
FINLANDE;2017;3157
POLOGNE;2010;5381
SENEGAL;2012;18332
TURKMENISTAN;2014;313
INDONESIE;2009;2561
ZAMBIE;2007;211
MAROC;2016;52728
MOZAMBIQUE;2018;577
RWANDA;2001;201
SLOVENIE;2011;682
BAHREIN;2016;1088
AFRIQUE DU SUD;2012;7209
ALBANIE;2003;56
HONGRIE;2004;1780
MONGOLIE;2004;36
NEPAL;2007;189
URUGUAY;2016;2928
NEPAL;2011;218
SUEDE;2006;5317
BENIN;2005;3366
BULGARIE;2012;1063
COLOMBIE;2001;3965
INDE;2003;8284
RUSSIE;2012;5764
SEYCHELLES;2001;281
EGYPTE;2009;6016
INDE;2005;8195
JERUSALEM;2008;17099
MALTE;2009;364
NICARAGUA;2004;478
NOUVELLE-ZELANDE;2005;2040
MACEDOINE (A.R.Y.M.);2005;252
YEMEN;2009;788
CHYPRE;2004;954
GUINEE;2001;2497
TOGO;2016;2588
TURKMENISTAN;2015;185
EGYPTE;2003;4322
AZERBAIDJAN;2016;199
OMAN;2015;795
MALAISIE;2005;1666
SAINT-SIEGE;2001;85
ISRAEL;2012;54886
ISRAEL/TER. PALESTINIENS;2017;72330
NORVEGE;2014;4854
HONGRIE;2008;2133
YEMEN;2010;719
VANUATU;2012;1934
AFGHANISTAN;2017;176
ISLANDE;2018;638
LETTONIE;2017;282
SLOVAQUIE;2018;1050
BRESIL;2007;16467
VENEZUELA;2012;4917
CHILI;2003;7363
MONGOLIE;2008;101
COMORES;2017;1686
PAKISTAN;2017;551
QATAR;2017;4558
SALVADOR;2016;604
SENEGAL;2017;20374
SOMALIE;2017;0
EQUATEUR;2010;2016
CHYPRE;2015;1380
PAYS-BAS;2017;26131
TAIWAN;2015;1961
TAIWAN;2016;2124
THAILANDE;2010;9261
UKRAINE;2012;953
BURUNDI;2009;430
DOMINICAINE (REP.);2012;3967
GHANA;2002;388
GUINEE;2012;2604
ALLEMAGNE;2017;116388
CUBA;2016;922
IRAK;2018;402
SAINTE-LUCIE;2014;890
URUGUAY;2015;2955
AFRIQUE DU SUD;2005;6130
AZERBAIDJAN;2013;173
KOWEIT;2003;661
KOWEIT;2010;948
SEYCHELLES;2004;337
AUSTRALIE;2017;25348
COREE DU SUD;2012;2054
NIGERIA;2001;1315
INDONESIE;2018;4241
ZAMBIE;2016;193
PARAGUAY;2004;1066
SOUDAN;2003;218
TADJIKISTAN;2009;21
CANADA;2002;52017
JAMAIQUE;2009;172
FINLANDE;2015;2901
GRECE;2012;10916
LAOS;2004;1012
BULGARIE;2013;1127
ALLEMAGNE;2014;112879
DANEMARK;2011;5214
EQUATEUR;2003;1386
JAPON;2008;7942
LAOS;2010;1741
SERBIE;2014;1417
VIET-NAM;2009;5343
GEORGIE;2003;127
MONACO;2017;7728
HONDURAS;2014;336
NICARAGUA;2013;687
ETHIOPIE;2007;659
HONDURAS;2004;342
IRAK;2013;320
LETTONIE;2011;193
ROUMANIE;2003;1745
CONGO;2016;6921
CONGO;2009;4284
GUINEE;2010;2158
GUINEE-BISSAO;2005;96
GUATEMALA;2016;907
CROATIE;2010;900
ESPAGNE;2003;65669
TANZANIE;2004;435
ZAMBIE;2003;196
BELGIQUE;2007;81608
RUSSIE;2011;5752
URUGUAY;2009;2762
NORVEGE;2016;5191
SLOVENIE;2015;720
PARAGUAY;2013;1494
TANZANIE;2002;438
ALGERIE;2018;40908
ALLEMAGNE;2009;109468
CENTRAFRIQUE (Rép.);2003;1178
CONGO;2010;4512
JERUSALEM;2012;21848
LITUANIE;2009;340
QATAR;2004;806
BIELORUSSIE;2016;191
INDE;2014;9983
SINGAPOUR;2016;13952
SINGAPOUR;2017;14576
ARABIE SAOUDITE;2013;5590
AUSTRALIE;2007;14442
GUINEE-BISSAO;2018;103
PARAGUAY;2016;1319
JERUSALEM;2013;23274
MALAISIE;2008;1863
PANAMA;2001;412
CAMEROUN;2007;5099
CAP-VERT;2001;186
EMIRATS ARABES UNIS;2004;5591
MEXIQUE;2011;17315
BOSNIE-HERZEGOVINE;2015;402
BRESIL;2015;21670
IRLANDE;2001;3980
KENYA;2011;1366
BRUNEI;2016;134
TURKMENISTAN;2017;69
AFRIQUE DU SUD;2013;7283
INDE;2015;9585
JORDANIE;2015;1503
MALTE;2012;542
PAYS-BAS;2010;23593
SUISSE;2012;158862
REPUBLIQUE TCHEQUE;2017;4707
OMAN;2005;421
CANADA;2013;83295
PHILIPPINES;2010;1956
MEXIQUE;2016;18235
NICARAGUA;2016;787
SOUDAN;2016;251
FINLANDE;2014;2684
LAOS;2015;2090
NICARAGUA;2018;686
ANGOLA;2008;1710
BIELORUSSIE;2009;99
ALLEMAGNE;2006;108821
ARABIE SAOUDITE;2001;3580
COMORES;2001;1120
GHANA;2011;959
TUNISIE;2016;22438
KOSOVO;2013;119
PAPOUASIE-NLE-GUINEE;2006;36
MACEDOINE;2013;203
MALAISIE;2017;3460
HONDURAS;2010;377
JORDANIE;2011;1407
KENYA;2003;823
UKRAINE;2013;928
PORTUGAL;2005;11956
VENEZUELA;2011;4970
DJIBOUTI;2008;4691
HAITI;2005;1453
ARABIE SAOUDITE;2012;5387
BIRMANIE;2003;229
DANEMARK;2007;3745
MALI;2010;4443
NORVEGE;2006;3933
OUZBEKISTAN;2002;115
SINGAPOUR;2007;5462
CONGO;2018;6032
CROATIE;2016;1021
BOTSWANA;2018;80
LIBERIA;2015;0
VIET NAM;2018;7789
CAP-VERT;2002;196
ETHIOPIE;2004;450
HONDURAS;2002;315
KENYA;2005;893
MAROC;2009;39044
TURKMENISTAN;2012;373
UKRAINE;2017;859
GUINEE-EQUATORIALE;2001;217
SALVADOR;2010;671
BAHREIN;2009;1016
DOMINICAINE (REP.);2005;2548
OMAN;2004;400
SUEDE;2005;5226
BRUNEI;2004;105
PANAMA;2005;649
TCHEQUE (REP.);2010;2720
BIRMANIE;2018;844
AUTRICHE;2013;8668
CANADA;2011;79328
CUBA;2006;556
PAPOUASIE-NLE-GUINEE;2011;120
SINGAPOUR;2001;3243
CHILI;2015;10690
PARAGUAY;2014;1497
BRUNEI;2005;103
CONGO;2003;2727
GRECE;2004;8051
QATAR;2002;678
TAIWAN;2012;1610
NAMIBIE;2018;196
ZAMBIE;2008;237
DANEMARK;2008;4258
PORTUGAL;2003;11789
BIRMANIE;2016;809
ZIMBABWE;2004;290
ALGERIE;2003;22202
LAOS;2012;1952
TUNISIE;2010;19995
BIELORUSSIE;2017;192
OUGANDA;2015;380
MOZAMBIQUE;2013;515
MADAGASCAR;2015;18299
ALLEMAGNE;2002;96619
ANDORRE;2001;2717
DOMINICAINE (REP.);2007;2619
BIELORUSSIE;2008;82
PAPOUASIE-NLE-GUINEE;2010;91
POLOGNE;2013;6067
SLOVAQUIE;2012;848
TOGO;2010;2858
CAMBODGE;2018;5021
INDE;2016;9571
RWANDA;2006;245
VANUATU;2005;1109
LAOS;2016;2129
PEROU;2017;3945
BURKINA;2014;3494
SOUDAN;2014;212
CHINE;2005;13785
COMORES;2013;1998
NOUVELLE-ZELANDE;2002;1307
ROUMANIE;2004;1938
ARMENIE;2005;401
BULGARIE;2001;456
EMIRATS ARABES UNIS;2012;15536
IRLANDE;2010;8589
SOUDAN;2011;225
COSTA RICA;2002;919
JAMAIQUE;2002;166
KOSOVO;2014;130
SRI LANKA;2018;686
DJIBOUTI;2018;3944
DJIBOUTI;2013;4929
ETATS-UNIS;2003;102873
ETATS-UNIS;2004;104978
MALI;2013;5256
QATAR;2015;4091
SOUDAN DU SUD;2016;88
URUGUAY;2017;3011
ALLEMAGNE;2004;106781
CHILI;2006;8400
BURUNDI;2016;290
LETTONIE;2015;227
TURQUIE;2017;10895
TANZANIE;2010;578
AFRIQUE DU SUD;2007;6447
COTE D'IVOIRE;2004;12414
PAPOUASIE-NLE-GUINEE;2008;37
TRINITE-ET-TOBAGO;2015;638
BENIN;2011;3694
EMIRATS ARABES UNIS;2011;14352
LETTONIE;2008;190
LITUANIE;2013;408
LUXEMBOURG;2003;19673
NICARAGUA;2002;422
TOGO;2004;2893
ZIMBABWE;2010;254
PHILIPPINES;2014;2781
JORDANIE;2001;800
THAILANDE;2006;6922
ANDORRE;2006;4207
AZERBAIDJAN;2003;109
HONGRIE;2005;1924
JAPON;2001;5373
BIELORUSSIE;2002;56
DANEMARK;2001;2905
EGYPTE;2008;5579
ETATS-UNIS;2005;106099
FINLANDE;2013;2600
SOUDAN DU SUD;2012;87
MOZAMBIQUE;2015;564
PHILIPPINES;2017;3136
AUTRICHE;2011;8024
LIBAN;2007;16937
LIBAN;2011;21428
BELGIQUE;2017;127558
COMORES;2004;1036
LAOS;2009;1568
MONACO;2004;9075
COLOMBIE;2016;5647
MONGOLIE;2017;103
COREE DU SUD;2004;1611
ALLEMAGNE;2013;112238
SRI LANKA;2008;436
SUEDE;2001;3305
JORDANIE;2014;1482
MAROC;2014;49195
ZAMBIE;2004;201
SLOVAQUIE;2011;895
SUEDE;2008;4859
UKRAINE;2010;987
VANUATU;2013;1978
GHANA;2009;925
MAURITANIE;2008;1896
SOUDAN DU SUD;2014;124
CHINE;2010;27207
CONGO (REP. DEMOCRAT.);2005;1346
ETHIOPIE;2013;899
MONGOLIE;2005;56
CAMEROUN;2015;6521
BRUNEI;2002;95
RUSSIE;2005;3817
EGYPTE;2004;5360
ESTONIE;2001;61
NAMIBIE;2009;257
ROYAUME-UNI;2001;78919
PAYS-BAS;2018;25920
SAINT-SIEGE;2017;0
KOWEIT;2004;775
SYRIE;2014;1089
UKRAINE;2018;878
BURUNDI;2011;444
GUINEE;2007;2147
ISRAEL;2001;33489
MONACO;2009;8545
VENEZUELA;2001;4153
CUBA;2015;764
PAKISTAN;2011;578
SLOVENIE;2007;612
JAMAIQUE;2016;159
URUGUAY;2014;2909
AFRIQUE DU SUD;2011;7108
VIET-NAM;2011;6164
NICARAGUA;2003;445
UKRAINE;2008;850
BAHREIN;2006;636
AUSTRALIE;2014;22539
SURINAME;2018;226
SAINT-SIEGE;2005;55
TAIWAN;2007;1258
COREE DU SUD;2009;1843
HAITI;2006;1463
KAZAKHSTAN;2003;111
LIBAN;2014;22901
MAURITANIE;2014;1868
PAKISTAN;2018;541
KENYA;2007;975
KOWEIT;2012;989
ETATS-UNIS;2006;116438
ZIMBABWE;2007;253
LESOTHO;2017;0
CAMBODGE;2013;4530
JAPON;2002;5909
EQUATEUR;2018;2830
BRUNEI;2003;122
NIGERIA;2013;1674
QATAR;2013;3664
ANDORRE;2018;2702
NICARAGUA;2015;749
PANAMA;2017;1926
COTE D'IVOIRE;2011;13221
ITALIE;2009;46618
CHINE;2014;31334
LAOS;2014;2069
NORVEGE;2008;4602
RWANDA;2002;224
SENEGAL;2015;20252
GUINEE-BISSAO;2013;114
SOUDAN DU SUD;2015;90
MACEDOINE (A.R.Y.M.);2012;182
SLOVENIE;2008;638
TOGO;2013;2855
SRI LANKA;2016;591
CENTRAFRIQUE (Rép.);2011;1296
COLOMBIE;2006;3468
JORDANIE;2004;858
LAOS;2006;1278
MALTE;2008;326
SINGAPOUR;2005;4321
ANGOLA;2007;1577
ISRAEL;2007;49137
PHILIPPINES;2016;3034
SOUDAN DU SUD;2018;71
TAIWAN;2017;2231
SOUDAN;2004;240
ALBANIE;2005;79
CHINE;2001;8136
MALI;2003;4475
BRESIL;2016;20944
REP. DOMINICAINE;2018;3804
HONGRIE;2001;1565
CONGO (REP. DEMOCRAT.);2010;2524
EMIRATS ARABES UNIS;2013;17371
JAPON;2010;7262
MAROC;2002;28078
NAMIBIE;2014;259
BURUNDI;2001;179
NIGER;2005;1354
TCHAD;2006;1160
GUATEMALA;2009;808
MALAISIE;2006;1738
ARGENTINE;2015;13456
HONDURAS;2017;287
CONGO;2017;6630
KOWEIT;2017;1161
PHILIPPINES;2001;1137
SAINT-SIEGE;2004;57
SUEDE;2014;6723
CONGO;2007;3455
GUINEE-BISSAO;2014;114
ITALIE;2016;44112
MOZAMBIQUE;2017;611
COLOMBIE;2012;4799
ESPAGNE;2002;56867
OUZBEKISTAN;2003;128
AUTRICHE;2015;8859
MALAISIE;2015;3422
SUISSE;2017;187232
BOLIVIE;2007;909
TRINITE ET TOBAGO;2007;635
KOSOVO;2017;148
CHYPRE;2006;1149
CHYPRE;2014;1464
CENTRAFRIQUE (Rép.);2001;1208
HAITI;2012;1566
MALTE;2004;235
PAYS-BAS;2006;19968
HONDURAS;2018;281
SIERRA LEONE;2017;0
SYRIE;2017;600
RUSSIE;2008;5139
AZERBAIDJAN;2005;107
DJIBOUTI;2003;4508
GEORGIE;2011;264
DANEMARK;2014;5176
EMIRATS ARABES UNIS;2015;20638
PAYS-BAS;2014;23753
BOTSWANA;2008;114
MAURITANIE;2003;1680
TCHAD;2005;1216
ETATS-UNIS;2018;164542
LETTONIE;2005;167
MAURICE;2010;9109
NORVEGE;2001;2413
ALBANIE;2004;56
AUTRICHE;2004;6052
ETATS-UNIS;2012;125171
NIGER;2017;1502
SERBIE;2008;1354
ANDORRE;2011;3288
TAIWAN;2018;2233
THAILANDE;2015;11899
URUGUAY;2001;1667
COSTA RICA;2008;1659
GEORGIE;2009;250
CAP-VERT;2016;339
PARAGUAY;2002;1007
MALTE;2018;1305
MACEDOINE (A.R.Y.M.);2004;247
MEXIQUE;2006;14492
NICARAGUA;2012;645
ESTONIE;2016;278
CAMBODGE;2003;2224
ETATS-UNIS;2007;111875
MALI;2002;4091
RUSSIE;2006;4683
MADAGASCAR;2014;18532
QATAR;2012;3366
BENIN;2007;3025
IRAN;2006;1012
JAMAIQUE;2005;199
MEXIQUE;2002;11293
ROYAUME-UNI;2004;94563
SRI LANKA;2003;307
THAILANDE;2011;9788
VENEZUELA;2008;4830
MALAWI;2018;0
SAINT-SIEGE;2014;0
CANADA;2010;71404
FINLANDE;2008;2353
DJIBOUTI;2010;4901
LIBYE;2013;293
KOWEIT;2015;1071
TRINITE ET TOBAGO;2013;649
ALLEMAGNE;2007;99288
GRECE;2013;10433
VIET NAM;2014;7035
GUINEE-EQUATORIALE;2003;225
ITALIE;2001;30717
LUXEMBOURG;2012;30352
PORTUGAL;2011;15572
PORTUGAL;2010;15049
CHINE;2002;9244
CONGO (REP. DEMOCRAT.);2003;1035
COSTA RICA;2005;1344
KOWEIT;2007;966
LIBAN;2010;19725
PEROU;2007;2797
ROYAUME-UNI;2013;126239
SUISSE;2001;109106
BULGARIE;2017;1463
INDONESIE;2004;1974
SAINTE-LUCIE;2016;876
BOSNIE-HERZEGOVINE;2010;280
CHILI;2012;10577
GRECE;2003;8701
INDONESIE;2003;1871
IRLANDE;2011;8881
ROUMANIE;2008;2483
PAYS-BAS;2015;24001
TANZANIE;2016;681
PANAMA;2002;458
PARAGUAY;2012;1435
MALAISIE;2016;3411
NOUVELLE-ZELANDE;2017;5218
ARABIE SAOUDITE;2008;3909
LITUANIE;2005;210
RUSSIE;2004;3342
TUNISIE;2009;19010
VIET-NAM;2001;2229
CHINE;2008;22231
MADAGASCAR;2017;17622
BAHREIN;2011;991
BRUNEI;2013;207
EQUATEUR;2009;1801
SINGAPOUR;2003;3512
BURUNDI;2013;429
GRECE;2005;7615
SENEGAL;2002;14528
LESOTHO;2014;0
MALTE;2017;1128
COREE DU SUD;2003;1560
EMIRATS ARABES UNIS;2008;9858
URUGUAY;2002;2139
LETTONIE;2004;114
SYRIE;2004;2335
SAINTE-LUCIE;2017;1180
MACEDOINE (A.R.Y.M.);2006;299
SOUDAN;2015;239
NAMIBIE;2011;293
HAITI;2010;1344
GEORGIE;2010;217
MALAISIE;2009;2053
HAITI;2001;1409
NEPAL;2005;201
COMORES;2014;1983
PEROU;2016;3921
OUGANDA;2002;177
TURQUIE;2003;3808
CAP-VERT;2003;195
GUATEMALA;2005;681
GUINEE-EQUATORIALE;2008;418
NEPAL;2002;178
BOSNIE-HERZEGOVINE;2013;359
CAMEROUN;2012;6146
ITALIE;2006;44497
KOSOVO;2016;142
MOLDAVIE;2015;94
OMAN;2013;769
TURKMENISTAN;2013;403
ZAMBIE;2006;222
ANDORRE;2004;3900
AUSTRALIE;2012;19104
BURKINA;2005;2931
BIELORUSSIE;2015;172
IRAK;2016;399
ITALIE;2007;44561
BELGIQUE;2016;124978
EQUATEUR;2008;1709
SAINT-SIEGE;2010;17
SALVADOR;2004;611
CAMBODGE;2014;4661
COSTA RICA;2017;2704
MOZAMBIQUE;2016;618
BIRMANIE;2005;269
INDONESIE;2006;2774
EGYPTE;2015;6090
JORDANIE;2005;957
TUNISIE;2013;23042
CAMEROUN;2018;6167
TURQUIE;2016;9851
AZERBAIDJAN;2014;185
SAINT-SIEGE;2008;49
ETHIOPIE;2016;1074
MADAGASCAR;2016;18012
IRAK;2012;254
MACEDOINE (A.R.Y.M.);2007;284
TCHAD;2018;1377
CROATIE;2008;900
ZAMBIE;2001;173
BURUNDI;2007;406
EQUATEUR;2006;1759
URUGUAY;2010;2836
SOUDAN;2001;174
BOTSWANA;2010;114
CONGO;2001;2389
GABON;2005;9763
QATAR;2010;2948
TURQUIE;2004;3953
CENTRAFRICAINE (REP.);2013;765
COMORES;2009;1667
CUBA;2005;485
VENEZUELA;2002;4194
COTE D'IVOIRE;2016;17034
GABON;2014;10582
DOMINICAINE (REP.);2010;3447
GUINEE;2011;2379
JORDANIE;2010;1444
MEXIQUE;2004;13681
MOZAMBIQUE;2009;436
UKRAINE;2004;393
BIRMANIE;2004;248
GUINEE-EQUATORIALE;2009;457
MALI;2006;5026
PORTUGAL;2008;13864
TRINITE ET TOBAGO;2006;718
GHANA;2016;1153
BAHREIN;2002;414
NICARAGUA;2009;574
RWANDA;2011;258
SYRIE;2002;2098
BOSNIE-HERZEGOVINE;2016;393
SALVADOR;2017;576
BULGARIE;2005;521
LETTONIE;2007;186
GABON;2018;9036
SLOVENIE;2014;713
TUNISIE;2018;23539
CANADA;2001;45458
GUINEE-BISSAO;2006;106
THAILANDE;2004;5092
BOLIVIE;2016;1539
REP. DEMOCRAT. DU CONGO;2018;2543
FINLANDE;2004;1758
HONDURAS;2009;350
IRAK;2011;173
SLOVENIE;2003;430
FIDJI;2016;236
BIELORUSSIE;2004;71
ETATS-UNIS;2017;163699
HAITI;2017;1860
KAZAKHSTAN;2005;227
SLOVAQUIE;2016;967
ESPAGNE;2017;85121
BIRMANIE;2006;265
ANDORRE;2009;3766
NOUVELLE-ZELANDE;2016;4685
SUEDE;2003;4983
BELIZE;2013;0
BRUNEI;2018;112
PAKISTAN;2014;562
AZERBAIDJAN;2004;97
PANAMA;2003;522
TCHAD;2009;1345
VIET-NAM;2004;3255
JAPON;2012;7305
PORTUGAL;2016;16488
RUSSIE;2001;2302
ALLEMAGNE;2018;112903
COLOMBIE;2018;6043
NORVEGE;2017;5576
DANEMARK;2013;5216
RWANDA;2012;318
SLOVENIE;2004;457
SURINAME;2003;153
NIGERIA;2005;1557
OUGANDA;2001;130
SLOVAQUIE;2008;1049
SUEDE;2011;6329
ALBANIE;2011;172
ARABIE SAOUDITE;2009;4252
KAZAKHSTAN;2012;385
SURINAME;2001;133
COMORES;2011;1971
HONDURAS;2013;397
LESOTHO;2016;0
BURKINA;2003;2817
GRECE;2018;10021
LITUANIE;2014;418
GABON;2001;8288
RWANDA;2009;70
ALGERIE;2010;28287
COLOMBIE;2002;3656
CONGO (REP. DEMOCRAT.);2011;2448
HONDURAS;2001;307
COTE D'IVOIRE;2001;16244
NEPAL;2013;248
TUNISIE;2012;22221
URUGUAY;2004;2265
ZIMBABWE;2001;296
CANADA;2018;100356
ETATS-UNIS;2016;157849
MONACO;2018;7503
ROUMANIE;2009;2799
AZERBAIDJAN;2010;146
BRESIL;2006;16559
CAMEROUN;2004;6024
AUTRICHE;2012;8291
LAOS;2013;1936
CONGO (REP. DEMOCRAT.);2002;882
MOZAMBIQUE;2003;408
SRI LANKA;2002;287
CHYPRE;2018;1348
OUGANDA;2018;406
GEORGIE;2008;238
TOGO;2012;2971
TCHAD;2015;1483
COMORES;2006;1473
IRAN;2003;856
IRLANDE;2007;7236
MOZAMBIQUE;2014;516
CHILI;2017;12252
DOMINICAINE (REP.);2002;1756
MADAGASCAR;2001;18498
REPUBLIQUE TCHEQUE;2014;3667
RWANDA;2008;124
SALVADOR;2008;660
ARABIE SAOUDITE;2003;4066
OUGANDA;2014;440
ALBANIE;2002;55
BOSNIE-HERZEGOVINE;2004;268
CHILI;2009;10139
GHANA;2001;324
MAURITANIE;2006;2163
ANDORRE;2015;3141
CONGO;2015;6879
NAMIBIE;2010;270
ROYAUME-UNI;2014;126804
VIET-NAM;2003;3047
GABON;2008;10402
POLOGNE;2004;5413
ARABIE SAOUDITE;2016;6143
COSTA RICA;2009;1699
JAPON;2009;6088
LETTONIE;2006;190
NORVEGE;2012;5097
SUEDE;2012;6798
VIET-NAM;2006;3955
MAURITANIE;2017;1703
BOLIVIE;2006;912
SEYCHELLES;2007;417
BENIN;2002;3349
CANADA;2007;63732
EGYPTE;2006;5872
AZERBAIDJAN;2018;205
DJIBOUTI;2004;4248
GUATEMALA;2001;540
NORVEGE;2007;4273
PAPOUASIE-NLE-GUINEE;2013;134
QATAR;2018;4607
SAINTE-LUCIE;2018;1124
ARGENTINE;2009;14854
COSTA RICA;2012;2156
MAURITANIE;2010;1926
POLOGNE;2012;5876
AFGHANISTAN;2016;207
BRESIL;2018;18503
ESPAGNE;2018;83331
NIGER;2010;1572
PANAMA;2006;767
ZIMBABWE;2012;220
BANGLADESH;2003;155
LUXEMBOURG;2018;36040
TURQUIE;2002;3648
URUGUAY;2006;2220
BIELORUSSIE;2001;68
COSTA RICA;2006;1534
LIBERIA;2018;62
MOLDAVIE;2017;91
CHILI;2007;8563
CHINE;2003;10202
KENYA;2004;822
SAINTE-LUCIE;2002;551
SAINTE-LUCIE;2005;710
FINLANDE;2005;1915
LIBYE;2002;316
PARAGUAY;2006;1207
TURQUIE;2001;3432
MALI;2016;8056
ROUMANIE;2014;3337
AFGHANISTAN;2007;189
EMIRATS ARABES UNIS;2005;6790
INDONESIE;2011;3564
LUXEMBOURG;2004;20946
PORTUGAL;2001;9287
SERBIE;2005;1044
TANZANIE;2007;453
TRINITE-ET-TOBAGO;2014;663
CHINE;2013;31275
LESOTHO;2015;0
MONGOLIE;2014;156
ARMENIE;2007;493
ARMENIE;2008;509
BAHREIN;2005;568
NORVEGE;2018;5738
DANEMARK;2006;4408
LIBYE;2008;602
INDE;2006;8793
ALBANIE;2006;96
ETATS-UNIS;2011;122686
KOWEIT;2008;962
MAURITANIE;2009;2117
VENEZUELA;2007;4502
OUZBEKISTAN;2014;87
CONGO;2012;5065
OUZBEKISTAN;2009;99
TANZANIE;2001;408
TRINITE ET TOBAGO;2011;649
CENTRAFRICAINE (REP.);2015;712
OUGANDA;2007;202
ROYAUME-UNI;2012;126049
CUBA;2018;1073
BURUNDI;2005;276
FINLANDE;2006;2158
GABON;2002;8563
MONTENEGRO;2011;111
SINGAPOUR;2006;5089
TRINITE ET TOBAGO;2002;542
REP. DEMOCRAT. DU CONGO;2014;2586
AFGHANISTAN;2005;206
IRAN;2012;835
TURKMENISTAN;2004;178
AUSTRALIE;2001;9838
COTE D'IVOIRE;2005;11554
ROYAUME-UNI;2007;107914
TUNISIE;2006;16421
AFGHANISTAN;2014;212
ISRAEL/TER. PALESTINIENS;2014;76091
YEMEN;2015;358
NEPAL;2012;239
INDONESIE;2017;4471
ROYAUME-UNI;2015;127837
TURKMENISTAN;2018;96
CHINE;2012;30787
COSTA RICA;2011;2093
ETHIOPIE;2012;908
PAPOUASIE-NLE-GUINEE;2009;47
BANGLADESH;2013;231
SYRIE;2008;2786
CROATIE;2005;745
NIGER;2006;1495
PANAMA;2004;557
IRAK;2014;387
NIGERIA;2017;1485
SOMALIE;2016;0
TRINITE ET TOBAGO;2004;611
KOSOVO;2015;139
ARMENIE;2002;458
ALGERIE;2008;34718
BOLIVIE;2012;1349
LETTONIE;2002;90
PAYS-BAS;2009;22407
SERBIE;2013;1397
BOLIVIE;2017;1517
SUEDE;2016;7654
VIET-NAM;2007;4375
MADAGASCAR;2013;18607
SAINTE-LUCIE;2010;800
SYRIE;2007;2677
BULGARIE;2006;623
TOGO;2015;2740
AFGHANISTAN;2012;286
AUSTRALIE;2003;13921
BRUNEI;2010;182
JAMAIQUE;2004;194
SOUDAN;2010;249
BOTSWANA;2002;67
JERUSALEM;2011;19708
SUISSE;2005;128701
ALLEMAGNE;2001;87677
BIRMANIE;2002;198
IRAN;2008;871
KAZAKHSTAN;2015;461
LETTONIE;2014;207
PANAMA;2016;1822
CUBA;2011;510
MAURICE;2017;11778
NAMIBIE;2017;225
KAZAKHSTAN;2013;416
SEYCHELLES;2011;552
MAURICE;2007;7464
NIGERIA;2011;1826
TRINITE ET TOBAGO;2012;625
CROATIE;2002;599
GABON;2012;11153
NIGER;2001;1442
COMORES;2018;1851
MAURITANIE;2018;1892
ESPAGNE;2016;84730
SURINAME;2017;226
MADAGASCAR;2007;18962
BOSNIE-HERZEGOVINE;2018;387
COREE;2014;2636
SERBIE;2016;1620
EQUATEUR;2013;2318
TOGO;2006;2764
BURUNDI;2018;285
ALGERIE;2012;30344
DJIBOUTI;2002;4548
FINLANDE;2009;2483
GABON;2009;10994
HONDURAS;2008;332
MAROC;2006;32689
RWANDA;2005;240
FIDJI;2014;216
BENIN;2006;3722
FIDJI;2006;138
TCHEQUE (REP.);2011;2983
DJIBOUTI;2015;4638
MOLDAVIE;2014;87
MALTE;2010;399
THAILANDE;2003;4506
ISLANDE;2011;341
SURINAME;2014;248
YEMEN;2013;485
ARMENIE;2003;487
BIRMANIE;2012;298
MALTE;2001;216
MONGOLIE;2003;25
ANGOLA;2005;1202
CAP-VERT;2006;294
EMIRATS ARABES UNIS;2001;4776
MOZAMBIQUE;2011;468
QATAR;2011;3202
SENEGAL;2016;20299
BANGLADESH;2015;242
IRAN;2016;1146
ESPAGNE;2008;82050
TOGO;2003;2956
EQUATEUR;2015;2588
CUBA;2002;582
SAINT-SIEGE;2002;28
OUZBEKISTAN;2017;106
TAIWAN;2002;1199
PHILIPPINES;2002;1198
BRESIL;2005;15630
KENYA;2006;1028
TRINITE ET TOBAGO;2005;672
IRLANDE;2017;10723
SIERRA LEONE;2014;0
GUATEMALA;2003;652
ARGENTINE;2016;12327
BRESIL;2017;19942
SURINAME;2009;229
CENTRAFRICAINE (REP.);2016;762
ALGERIE;2007;36782
DANEMARK;2010;4903
GABON;2010;10960
SRI LANKA;2011;425
CHYPRE;2002;928
CONGO;2008;3910
HONGRIE;2007;2201
PAPOUASIE-NLE-GUINEE;2012;127
THAILANDE;2013;9937
COMORES;2007;1590
KAZAKHSTAN;2010;374
URUGUAY;2012;2862
CONGO;2014;6035
GABON;2003;8938
GUINEE;2003;2697
SINGAPOUR;2011;9197
TADJIKISTAN;2010;24
MALTE;2016;966
LIBAN;2001;14536
CUBA;2007;520
CAMBODGE;2017;4994
AUTRICHE;2001;4726
BOLIVIE;2011;1204
ETATS-UNIS;2001;81661
LIBYE;2011;407
ITALIE;2018;41544
NIGERIA;2016;1594
JORDANIE;2009;1364
CENTRAFRICAINE (REP.);2018;842
VENEZUELA;2018;3675
SEYCHELLES;2003;291
ISRAEL/TER. PALESTINIENS;2015;72415
BURKINA;2010;3325
EMIRATS ARABES UNIS;2009;11187
THAILANDE;2005;5778
CONGO (REP. DEMOCRAT.);2007;1721
MADAGASCAR;2009;19841
SLOVENIE;2012;702
ANGOLA;2017;1617
GUATEMALA;2017;870
HONGRIE;2015;2489
OUZBEKISTAN;2004;115
SYRIE;2010;3032
